row,col,x,y,size,order
0,0,-40.0,40.0,2.0,
0,1,-38.0,40.0,2.0,
0,2,-36.0,40.0,2.0,
0,3,-34.0,40.0,2.0,
0,4,-32.0,40.0,2.0,
0,5,-30.0,40.0,2.0,
0,6,-28.0,40.0,2.0,
0,7,-26.0,40.0,2.0,
0,8,-24.0,40.0,2.0,
0,9,-22.0,40.0,2.0,
0,10,-20.0,40.0,2.0,
0,11,-18.0,40.0,2.0,
0,12,-16.0,40.0,2.0,
0,13,-14.0,40.0,2.0,
0,14,-12.0,40.0,2.0,
0,15,-10.0,40.0,2.0,
0,16,-8.0,40.0,2.0,
0,17,-6.0,40.0,2.0,
0,18,-4.0,40.0,2.0,
0,19,-2.0,40.0,2.0,
0,20,0.0,40.0,2.0,
0,21,2.0,40.0,2.0,
0,22,4.0,40.0,2.0,
0,23,6.0,40.0,2.0,
0,24,8.0,40.0,2.0,
0,25,10.0,40.0,2.0,
0,26,12.0,40.0,2.0,
0,27,14.0,40.0,2.0,
0,28,16.0,40.0,2.0,
0,29,18.0,40.0,2.0,
0,30,20.0,40.0,2.0,
0,31,22.0,40.0,2.0,
0,32,24.0,40.0,2.0,
0,33,26.0,40.0,2.0,
0,34,28.0,40.0,2.0,
0,35,30.0,40.0,2.0,
0,36,32.0,40.0,2.0,
0,37,34.0,40.0,2.0,
0,38,36.0,40.0,2.0,
0,39,38.0,40.0,2.0,
1,0,-40.0,38.0,2.0,
1,1,-38.0,38.0,2.0,
1,2,-36.0,38.0,2.0,
1,3,-34.0,38.0,2.0,
1,4,-32.0,38.0,2.0,
1,5,-30.0,38.0,2.0,
1,6,-28.0,38.0,2.0,
1,7,-26.0,38.0,2.0,
1,8,-24.0,38.0,2.0,
1,9,-22.0,38.0,2.0,
1,10,-20.0,38.0,2.0,
1,11,-18.0,38.0,2.0,
1,12,-16.0,38.0,2.0,
1,13,-14.0,38.0,2.0,
1,14,-12.0,38.0,2.0,
1,15,-10.0,38.0,2.0,
1,16,-8.0,38.0,2.0,
1,17,-6.0,38.0,2.0,
1,18,-4.0,38.0,2.0,
1,19,-2.0,38.0,2.0,
1,20,0.0,38.0,2.0,
1,21,2.0,38.0,2.0,
1,22,4.0,38.0,2.0,
1,23,6.0,38.0,2.0,
1,24,8.0,38.0,2.0,
1,25,10.0,38.0,2.0,
1,26,12.0,38.0,2.0,
1,27,14.0,38.0,2.0,
1,28,16.0,38.0,2.0,
1,29,18.0,38.0,2.0,
1,30,20.0,38.0,2.0,
1,31,22.0,38.0,2.0,
1,32,24.0,38.0,2.0,
1,33,26.0,38.0,2.0,
1,34,28.0,38.0,2.0,
1,35,30.0,38.0,2.0,
1,36,32.0,38.0,2.0,
1,37,34.0,38.0,2.0,
1,38,36.0,38.0,2.0,
1,39,38.0,38.0,2.0,
2,0,-40.0,36.0,2.0,
2,1,-38.0,36.0,2.0,
2,2,-36.0,36.0,2.0,
2,3,-34.0,36.0,2.0,
2,4,-32.0,36.0,2.0,
2,5,-30.0,36.0,2.0,
2,6,-28.0,36.0,2.0,
2,7,-26.0,36.0,2.0,
2,8,-24.0,36.0,2.0,
2,9,-22.0,36.0,2.0,
2,10,-20.0,36.0,2.0,
2,11,-18.0,36.0,2.0,
2,12,-16.0,36.0,2.0,
2,13,-14.0,36.0,2.0,
2,14,-12.0,36.0,2.0,
2,15,-10.0,36.0,2.0,
2,16,-8.0,36.0,2.0,
2,17,-6.0,36.0,2.0,
2,18,-4.0,36.0,2.0,
2,19,-2.0,36.0,2.0,
2,20,0.0,36.0,2.0,
2,21,2.0,36.0,2.0,
2,22,4.0,36.0,2.0,
2,23,6.0,36.0,2.0,
2,24,8.0,36.0,2.0,
2,25,10.0,36.0,2.0,
2,26,12.0,36.0,2.0,
2,27,14.0,36.0,2.0,
2,28,16.0,36.0,2.0,
2,29,18.0,36.0,2.0,
2,30,20.0,36.0,2.0,
2,31,22.0,36.0,2.0,
2,32,24.0,36.0,2.0,
2,33,26.0,36.0,2.0,
2,34,28.0,36.0,2.0,
2,35,30.0,36.0,2.0,
2,36,32.0,36.0,2.0,
2,37,34.0,36.0,2.0,0
2,38,36.0,36.0,2.0,
2,39,38.0,36.0,2.0,
3,0,-40.0,34.0,2.0,
3,1,-38.0,34.0,2.0,
3,2,-36.0,34.0,2.0,
3,3,-34.0,34.0,2.0,
3,4,-32.0,34.0,2.0,
3,5,-30.0,34.0,2.0,
3,6,-28.0,34.0,2.0,
3,7,-26.0,34.0,2.0,
3,8,-24.0,34.0,2.0,
3,9,-22.0,34.0,2.0,
3,10,-20.0,34.0,2.0,
3,11,-18.0,34.0,2.0,
3,12,-16.0,34.0,2.0,
3,13,-14.0,34.0,2.0,
3,14,-12.0,34.0,2.0,
3,15,-10.0,34.0,2.0,
3,16,-8.0,34.0,2.0,
3,17,-6.0,34.0,2.0,
3,18,-4.0,34.0,2.0,
3,19,-2.0,34.0,2.0,
3,20,0.0,34.0,2.0,
3,21,2.0,34.0,2.0,
3,22,4.0,34.0,2.0,
3,23,6.0,34.0,2.0,
3,24,8.0,34.0,2.0,
3,25,10.0,34.0,2.0,
3,26,12.0,34.0,2.0,
3,27,14.0,34.0,2.0,
3,28,16.0,34.0,2.0,
3,29,18.0,34.0,2.0,
3,30,20.0,34.0,2.0,
3,31,22.0,34.0,2.0,
3,32,24.0,34.0,2.0,
3,33,26.0,34.0,2.0,
3,34,28.0,34.0,2.0,
3,35,30.0,34.0,2.0,
3,36,32.0,34.0,2.0,
3,37,34.0,34.0,2.0,1
3,38,36.0,34.0,2.0,
3,39,38.0,34.0,2.0,
4,0,-40.0,32.0,2.0,
4,1,-38.0,32.0,2.0,
4,2,-36.0,32.0,2.0,
4,3,-34.0,32.0,2.0,
4,4,-32.0,32.0,2.0,
4,5,-30.0,32.0,2.0,
4,6,-28.0,32.0,2.0,
4,7,-26.0,32.0,2.0,
4,8,-24.0,32.0,2.0,
4,9,-22.0,32.0,2.0,
4,10,-20.0,32.0,2.0,
4,11,-18.0,32.0,2.0,
4,12,-16.0,32.0,2.0,
4,13,-14.0,32.0,2.0,
4,14,-12.0,32.0,2.0,
4,15,-10.0,32.0,2.0,
4,16,-8.0,32.0,2.0,
4,17,-6.0,32.0,2.0,
4,18,-4.0,32.0,2.0,
4,19,-2.0,32.0,2.0,
4,20,0.0,32.0,2.0,
4,21,2.0,32.0,2.0,
4,22,4.0,32.0,2.0,
4,23,6.0,32.0,2.0,
4,24,8.0,32.0,2.0,
4,25,10.0,32.0,2.0,
4,26,12.0,32.0,2.0,
4,27,14.0,32.0,2.0,
4,28,16.0,32.0,2.0,
4,29,18.0,32.0,2.0,
4,30,20.0,32.0,2.0,
4,31,22.0,32.0,2.0,
4,32,24.0,32.0,2.0,
4,33,26.0,32.0,2.0,
4,34,28.0,32.0,2.0,
4,35,30.0,32.0,2.0,
4,36,32.0,32.0,2.0,
4,37,34.0,32.0,2.0,2
4,38,36.0,32.0,2.0,
4,39,38.0,32.0,2.0,
5,0,-40.0,30.0,2.0,
5,1,-38.0,30.0,2.0,
5,2,-36.0,30.0,2.0,
5,3,-34.0,30.0,2.0,
5,4,-32.0,30.0,2.0,
5,5,-30.0,30.0,2.0,
5,6,-28.0,30.0,2.0,
5,7,-26.0,30.0,2.0,
5,8,-24.0,30.0,2.0,
5,9,-22.0,30.0,2.0,
5,10,-20.0,30.0,2.0,
5,11,-18.0,30.0,2.0,
5,12,-16.0,30.0,2.0,
5,13,-14.0,30.0,2.0,
5,14,-12.0,30.0,2.0,
5,15,-10.0,30.0,2.0,
5,16,-8.0,30.0,2.0,
5,17,-6.0,30.0,2.0,
5,18,-4.0,30.0,2.0,
5,19,-2.0,30.0,2.0,
5,20,0.0,30.0,2.0,
5,21,2.0,30.0,2.0,
5,22,4.0,30.0,2.0,
5,23,6.0,30.0,2.0,
5,24,8.0,30.0,2.0,
5,25,10.0,30.0,2.0,
5,26,12.0,30.0,2.0,
5,27,14.0,30.0,2.0,
5,28,16.0,30.0,2.0,
5,29,18.0,30.0,2.0,
5,30,20.0,30.0,2.0,
5,31,22.0,30.0,2.0,
5,32,24.0,30.0,2.0,
5,33,26.0,30.0,2.0,
5,34,28.0,30.0,2.0,
5,35,30.0,30.0,2.0,
5,36,32.0,30.0,2.0,
5,37,34.0,30.0,2.0,3
5,38,36.0,30.0,2.0,
5,39,38.0,30.0,2.0,
6,0,-40.0,28.0,2.0,
6,1,-38.0,28.0,2.0,
6,2,-36.0,28.0,2.0,
6,3,-34.0,28.0,2.0,
6,4,-32.0,28.0,2.0,
6,5,-30.0,28.0,2.0,
6,6,-28.0,28.0,2.0,
6,7,-26.0,28.0,2.0,
6,8,-24.0,28.0,2.0,
6,9,-22.0,28.0,2.0,
6,10,-20.0,28.0,2.0,
6,11,-18.0,28.0,2.0,
6,12,-16.0,28.0,2.0,
6,13,-14.0,28.0,2.0,
6,14,-12.0,28.0,2.0,
6,15,-10.0,28.0,2.0,
6,16,-8.0,28.0,2.0,
6,17,-6.0,28.0,2.0,
6,18,-4.0,28.0,2.0,
6,19,-2.0,28.0,2.0,
6,20,0.0,28.0,2.0,
6,21,2.0,28.0,2.0,
6,22,4.0,28.0,2.0,
6,23,6.0,28.0,2.0,
6,24,8.0,28.0,2.0,
6,25,10.0,28.0,2.0,
6,26,12.0,28.0,2.0,
6,27,14.0,28.0,2.0,
6,28,16.0,28.0,2.0,
6,29,18.0,28.0,2.0,
6,30,20.0,28.0,2.0,
6,31,22.0,28.0,2.0,
6,32,24.0,28.0,2.0,
6,33,26.0,28.0,2.0,
6,34,28.0,28.0,2.0,
6,35,30.0,28.0,2.0,
6,36,32.0,28.0,2.0,
6,37,34.0,28.0,2.0,4
6,38,36.0,28.0,2.0,
6,39,38.0,28.0,2.0,
7,0,-40.0,26.0,2.0,
7,1,-38.0,26.0,2.0,
7,2,-36.0,26.0,2.0,
7,3,-34.0,26.0,2.0,
7,4,-32.0,26.0,2.0,
7,5,-30.0,26.0,2.0,
7,6,-28.0,26.0,2.0,
7,7,-26.0,26.0,2.0,
7,8,-24.0,26.0,2.0,
7,9,-22.0,26.0,2.0,
7,10,-20.0,26.0,2.0,
7,11,-18.0,26.0,2.0,
7,12,-16.0,26.0,2.0,
7,13,-14.0,26.0,2.0,
7,14,-12.0,26.0,2.0,
7,15,-10.0,26.0,2.0,
7,16,-8.0,26.0,2.0,
7,17,-6.0,26.0,2.0,
7,18,-4.0,26.0,2.0,
7,19,-2.0,26.0,2.0,
7,20,0.0,26.0,2.0,
7,21,2.0,26.0,2.0,
7,22,4.0,26.0,2.0,
7,23,6.0,26.0,2.0,
7,24,8.0,26.0,2.0,
7,25,10.0,26.0,2.0,
7,26,12.0,26.0,2.0,
7,27,14.0,26.0,2.0,
7,28,16.0,26.0,2.0,
7,29,18.0,26.0,2.0,
7,30,20.0,26.0,2.0,
7,31,22.0,26.0,2.0,
7,32,24.0,26.0,2.0,
7,33,26.0,26.0,2.0,
7,34,28.0,26.0,2.0,
7,35,30.0,26.0,2.0,
7,36,32.0,26.0,2.0,
7,37,34.0,26.0,2.0,5
7,38,36.0,26.0,2.0,
7,39,38.0,26.0,2.0,
8,0,-40.0,24.0,2.0,
8,1,-38.0,24.0,2.0,
8,2,-36.0,24.0,2.0,
8,3,-34.0,24.0,2.0,
8,4,-32.0,24.0,2.0,
8,5,-30.0,24.0,2.0,
8,6,-28.0,24.0,2.0,
8,7,-26.0,24.0,2.0,
8,8,-24.0,24.0,2.0,
8,9,-22.0,24.0,2.0,
8,10,-20.0,24.0,2.0,
8,11,-18.0,24.0,2.0,
8,12,-16.0,24.0,2.0,
8,13,-14.0,24.0,2.0,
8,14,-12.0,24.0,2.0,
8,15,-10.0,24.0,2.0,
8,16,-8.0,24.0,2.0,
8,17,-6.0,24.0,2.0,
8,18,-4.0,24.0,2.0,
8,19,-2.0,24.0,2.0,
8,20,0.0,24.0,2.0,
8,21,2.0,24.0,2.0,
8,22,4.0,24.0,2.0,
8,23,6.0,24.0,2.0,
8,24,8.0,24.0,2.0,
8,25,10.0,24.0,2.0,
8,26,12.0,24.0,2.0,
8,27,14.0,24.0,2.0,
8,28,16.0,24.0,2.0,
8,29,18.0,24.0,2.0,
8,30,20.0,24.0,2.0,
8,31,22.0,24.0,2.0,
8,32,24.0,24.0,2.0,
8,33,26.0,24.0,2.0,
8,34,28.0,24.0,2.0,
8,35,30.0,24.0,2.0,
8,36,32.0,24.0,2.0,
8,37,34.0,24.0,2.0,6
8,38,36.0,24.0,2.0,
8,39,38.0,24.0,2.0,
9,0,-40.0,22.0,2.0,
9,1,-38.0,22.0,2.0,
9,2,-36.0,22.0,2.0,
9,3,-34.0,22.0,2.0,
9,4,-32.0,22.0,2.0,
9,5,-30.0,22.0,2.0,
9,6,-28.0,22.0,2.0,
9,7,-26.0,22.0,2.0,
9,8,-24.0,22.0,2.0,
9,9,-22.0,22.0,2.0,
9,10,-20.0,22.0,2.0,
9,11,-18.0,22.0,2.0,
9,12,-16.0,22.0,2.0,
9,13,-14.0,22.0,2.0,
9,14,-12.0,22.0,2.0,
9,15,-10.0,22.0,2.0,
9,16,-8.0,22.0,2.0,
9,17,-6.0,22.0,2.0,
9,18,-4.0,22.0,2.0,
9,19,-2.0,22.0,2.0,
9,20,0.0,22.0,2.0,
9,21,2.0,22.0,2.0,
9,22,4.0,22.0,2.0,
9,23,6.0,22.0,2.0,
9,24,8.0,22.0,2.0,
9,25,10.0,22.0,2.0,
9,26,12.0,22.0,2.0,
9,27,14.0,22.0,2.0,
9,28,16.0,22.0,2.0,
9,29,18.0,22.0,2.0,
9,30,20.0,22.0,2.0,
9,31,22.0,22.0,2.0,
9,32,24.0,22.0,2.0,
9,33,26.0,22.0,2.0,
9,34,28.0,22.0,2.0,
9,35,30.0,22.0,2.0,
9,36,32.0,22.0,2.0,
9,37,34.0,22.0,2.0,7
9,38,36.0,22.0,2.0,
9,39,38.0,22.0,2.0,
10,0,-40.0,20.0,2.0,
10,1,-38.0,20.0,2.0,
10,2,-36.0,20.0,2.0,
10,3,-34.0,20.0,2.0,
10,4,-32.0,20.0,2.0,
10,5,-30.0,20.0,2.0,
10,6,-28.0,20.0,2.0,
10,7,-26.0,20.0,2.0,
10,8,-24.0,20.0,2.0,
10,9,-22.0,20.0,2.0,
10,10,-20.0,20.0,2.0,
10,11,-18.0,20.0,2.0,
10,12,-16.0,20.0,2.0,
10,13,-14.0,20.0,2.0,
10,14,-12.0,20.0,2.0,
10,15,-10.0,20.0,2.0,
10,16,-8.0,20.0,2.0,
10,17,-6.0,20.0,2.0,
10,18,-4.0,20.0,2.0,
10,19,-2.0,20.0,2.0,
10,20,0.0,20.0,2.0,
10,21,2.0,20.0,2.0,
10,22,4.0,20.0,2.0,
10,23,6.0,20.0,2.0,
10,24,8.0,20.0,2.0,
10,25,10.0,20.0,2.0,
10,26,12.0,20.0,2.0,
10,27,14.0,20.0,2.0,
10,28,16.0,20.0,2.0,
10,29,18.0,20.0,2.0,
10,30,20.0,20.0,2.0,
10,31,22.0,20.0,2.0,
10,32,24.0,20.0,2.0,
10,33,26.0,20.0,2.0,
10,34,28.0,20.0,2.0,
10,35,30.0,20.0,2.0,
10,36,32.0,20.0,2.0,
10,37,34.0,20.0,2.0,8
10,38,36.0,20.0,2.0,
10,39,38.0,20.0,2.0,
11,0,-40.0,18.0,2.0,
11,1,-38.0,18.0,2.0,
11,2,-36.0,18.0,2.0,
11,3,-34.0,18.0,2.0,
11,4,-32.0,18.0,2.0,
11,5,-30.0,18.0,2.0,
11,6,-28.0,18.0,2.0,
11,7,-26.0,18.0,2.0,
11,8,-24.0,18.0,2.0,
11,9,-22.0,18.0,2.0,
11,10,-20.0,18.0,2.0,
11,11,-18.0,18.0,2.0,
11,12,-16.0,18.0,2.0,
11,13,-14.0,18.0,2.0,
11,14,-12.0,18.0,2.0,
11,15,-10.0,18.0,2.0,
11,16,-8.0,18.0,2.0,
11,17,-6.0,18.0,2.0,
11,18,-4.0,18.0,2.0,
11,19,-2.0,18.0,2.0,
11,20,0.0,18.0,2.0,
11,21,2.0,18.0,2.0,
11,22,4.0,18.0,2.0,
11,23,6.0,18.0,2.0,
11,24,8.0,18.0,2.0,
11,25,10.0,18.0,2.0,
11,26,12.0,18.0,2.0,
11,27,14.0,18.0,2.0,
11,28,16.0,18.0,2.0,18
11,29,18.0,18.0,2.0,17
11,30,20.0,18.0,2.0,16
11,31,22.0,18.0,2.0,15
11,32,24.0,18.0,2.0,14
11,33,26.0,18.0,2.0,13
11,34,28.0,18.0,2.0,12
11,35,30.0,18.0,2.0,11
11,36,32.0,18.0,2.0,10
11,37,34.0,18.0,2.0,9
11,38,36.0,18.0,2.0,
11,39,38.0,18.0,2.0,
12,0,-40.0,16.0,2.0,
12,1,-38.0,16.0,2.0,
12,2,-36.0,16.0,2.0,
12,3,-34.0,16.0,2.0,
12,4,-32.0,16.0,2.0,
12,5,-30.0,16.0,2.0,
12,6,-28.0,16.0,2.0,
12,7,-26.0,16.0,2.0,
12,8,-24.0,16.0,2.0,
12,9,-22.0,16.0,2.0,
12,10,-20.0,16.0,2.0,
12,11,-18.0,16.0,2.0,
12,12,-16.0,16.0,2.0,
12,13,-14.0,16.0,2.0,
12,14,-12.0,16.0,2.0,
12,15,-10.0,16.0,2.0,
12,16,-8.0,16.0,2.0,
12,17,-6.0,16.0,2.0,
12,18,-4.0,16.0,2.0,
12,19,-2.0,16.0,2.0,
12,20,0.0,16.0,2.0,
12,21,2.0,16.0,2.0,
12,22,4.0,16.0,2.0,
12,23,6.0,16.0,2.0,
12,24,8.0,16.0,2.0,
12,25,10.0,16.0,2.0,
12,26,12.0,16.0,2.0,
12,27,14.0,16.0,2.0,20
12,28,16.0,16.0,2.0,19
12,29,18.0,16.0,2.0,
12,30,20.0,16.0,2.0,
12,31,22.0,16.0,2.0,
12,32,24.0,16.0,2.0,
12,33,26.0,16.0,2.0,
12,34,28.0,16.0,2.0,
12,35,30.0,16.0,2.0,
12,36,32.0,16.0,2.0,
12,37,34.0,16.0,2.0,
12,38,36.0,16.0,2.0,
12,39,38.0,16.0,2.0,
13,0,-40.0,14.0,2.0,
13,1,-38.0,14.0,2.0,
13,2,-36.0,14.0,2.0,
13,3,-34.0,14.0,2.0,
13,4,-32.0,14.0,2.0,
13,5,-30.0,14.0,2.0,
13,6,-28.0,14.0,2.0,
13,7,-26.0,14.0,2.0,
13,8,-24.0,14.0,2.0,
13,9,-22.0,14.0,2.0,
13,10,-20.0,14.0,2.0,
13,11,-18.0,14.0,2.0,
13,12,-16.0,14.0,2.0,
13,13,-14.0,14.0,2.0,
13,14,-12.0,14.0,2.0,
13,15,-10.0,14.0,2.0,
13,16,-8.0,14.0,2.0,
13,17,-6.0,14.0,2.0,
13,18,-4.0,14.0,2.0,
13,19,-2.0,14.0,2.0,
13,20,0.0,14.0,2.0,
13,21,2.0,14.0,2.0,
13,22,4.0,14.0,2.0,
13,23,6.0,14.0,2.0,
13,24,8.0,14.0,2.0,
13,25,10.0,14.0,2.0,
13,26,12.0,14.0,2.0,
13,27,14.0,14.0,2.0,21
13,28,16.0,14.0,2.0,
13,29,18.0,14.0,2.0,
13,30,20.0,14.0,2.0,
13,31,22.0,14.0,2.0,
13,32,24.0,14.0,2.0,
13,33,26.0,14.0,2.0,
13,34,28.0,14.0,2.0,
13,35,30.0,14.0,2.0,
13,36,32.0,14.0,2.0,
13,37,34.0,14.0,2.0,
13,38,36.0,14.0,2.0,
13,39,38.0,14.0,2.0,
14,0,-40.0,12.0,2.0,
14,1,-38.0,12.0,2.0,
14,2,-36.0,12.0,2.0,
14,3,-34.0,12.0,2.0,
14,4,-32.0,12.0,2.0,
14,5,-30.0,12.0,2.0,
14,6,-28.0,12.0,2.0,
14,7,-26.0,12.0,2.0,
14,8,-24.0,12.0,2.0,
14,9,-22.0,12.0,2.0,
14,10,-20.0,12.0,2.0,
14,11,-18.0,12.0,2.0,
14,12,-16.0,12.0,2.0,
14,13,-14.0,12.0,2.0,
14,14,-12.0,12.0,2.0,
14,15,-10.0,12.0,2.0,
14,16,-8.0,12.0,2.0,
14,17,-6.0,12.0,2.0,
14,18,-4.0,12.0,2.0,
14,19,-2.0,12.0,2.0,
14,20,0.0,12.0,2.0,
14,21,2.0,12.0,2.0,
14,22,4.0,12.0,2.0,
14,23,6.0,12.0,2.0,
14,24,8.0,12.0,2.0,
14,25,10.0,12.0,2.0,
14,26,12.0,12.0,2.0,
14,27,14.0,12.0,2.0,22
14,28,16.0,12.0,2.0,
14,29,18.0,12.0,2.0,
14,30,20.0,12.0,2.0,
14,31,22.0,12.0,2.0,
14,32,24.0,12.0,2.0,
14,33,26.0,12.0,2.0,
14,34,28.0,12.0,2.0,
14,35,30.0,12.0,2.0,
14,36,32.0,12.0,2.0,
14,37,34.0,12.0,2.0,
14,38,36.0,12.0,2.0,
14,39,38.0,12.0,2.0,
15,0,-40.0,10.0,2.0,
15,1,-38.0,10.0,2.0,
15,2,-36.0,10.0,2.0,
15,3,-34.0,10.0,2.0,
15,4,-32.0,10.0,2.0,
15,5,-30.0,10.0,2.0,
15,6,-28.0,10.0,2.0,
15,7,-26.0,10.0,2.0,
15,8,-24.0,10.0,2.0,
15,9,-22.0,10.0,2.0,
15,10,-20.0,10.0,2.0,
15,11,-18.0,10.0,2.0,
15,12,-16.0,10.0,2.0,
15,13,-14.0,10.0,2.0,
15,14,-12.0,10.0,2.0,
15,15,-10.0,10.0,2.0,
15,16,-8.0,10.0,2.0,
15,17,-6.0,10.0,2.0,
15,18,-4.0,10.0,2.0,
15,19,-2.0,10.0,2.0,
15,20,0.0,10.0,2.0,
15,21,2.0,10.0,2.0,
15,22,4.0,10.0,2.0,
15,23,6.0,10.0,2.0,
15,24,8.0,10.0,2.0,
15,25,10.0,10.0,2.0,
15,26,12.0,10.0,2.0,
15,27,14.0,10.0,2.0,23
15,28,16.0,10.0,2.0,
15,29,18.0,10.0,2.0,
15,30,20.0,10.0,2.0,
15,31,22.0,10.0,2.0,
15,32,24.0,10.0,2.0,
15,33,26.0,10.0,2.0,
15,34,28.0,10.0,2.0,
15,35,30.0,10.0,2.0,
15,36,32.0,10.0,2.0,
15,37,34.0,10.0,2.0,
15,38,36.0,10.0,2.0,
15,39,38.0,10.0,2.0,
16,0,-40.0,8.0,2.0,
16,1,-38.0,8.0,2.0,
16,2,-36.0,8.0,2.0,
16,3,-34.0,8.0,2.0,
16,4,-32.0,8.0,2.0,
16,5,-30.0,8.0,2.0,
16,6,-28.0,8.0,2.0,
16,7,-26.0,8.0,2.0,
16,8,-24.0,8.0,2.0,
16,9,-22.0,8.0,2.0,
16,10,-20.0,8.0,2.0,
16,11,-18.0,8.0,2.0,
16,12,-16.0,8.0,2.0,
16,13,-14.0,8.0,2.0,
16,14,-12.0,8.0,2.0,
16,15,-10.0,8.0,2.0,
16,16,-8.0,8.0,2.0,
16,17,-6.0,8.0,2.0,
16,18,-4.0,8.0,2.0,
16,19,-2.0,8.0,2.0,
16,20,0.0,8.0,2.0,
16,21,2.0,8.0,2.0,
16,22,4.0,8.0,2.0,
16,23,6.0,8.0,2.0,
16,24,8.0,8.0,2.0,
16,25,10.0,8.0,2.0,
16,26,12.0,8.0,2.0,
16,27,14.0,8.0,2.0,24
16,28,16.0,8.0,2.0,
16,29,18.0,8.0,2.0,
16,30,20.0,8.0,2.0,
16,31,22.0,8.0,2.0,
16,32,24.0,8.0,2.0,
16,33,26.0,8.0,2.0,
16,34,28.0,8.0,2.0,
16,35,30.0,8.0,2.0,
16,36,32.0,8.0,2.0,
16,37,34.0,8.0,2.0,
16,38,36.0,8.0,2.0,
16,39,38.0,8.0,2.0,
17,0,-40.0,6.0,2.0,
17,1,-38.0,6.0,2.0,
17,2,-36.0,6.0,2.0,
17,3,-34.0,6.0,2.0,
17,4,-32.0,6.0,2.0,
17,5,-30.0,6.0,2.0,
17,6,-28.0,6.0,2.0,
17,7,-26.0,6.0,2.0,
17,8,-24.0,6.0,2.0,
17,9,-22.0,6.0,2.0,
17,10,-20.0,6.0,2.0,
17,11,-18.0,6.0,2.0,
17,12,-16.0,6.0,2.0,
17,13,-14.0,6.0,2.0,
17,14,-12.0,6.0,2.0,
17,15,-10.0,6.0,2.0,
17,16,-8.0,6.0,2.0,
17,17,-6.0,6.0,2.0,
17,18,-4.0,6.0,2.0,
17,19,-2.0,6.0,2.0,
17,20,0.0,6.0,2.0,
17,21,2.0,6.0,2.0,
17,22,4.0,6.0,2.0,
17,23,6.0,6.0,2.0,
17,24,8.0,6.0,2.0,
17,25,10.0,6.0,2.0,
17,26,12.0,6.0,2.0,
17,27,14.0,6.0,2.0,25
17,28,16.0,6.0,2.0,
17,29,18.0,6.0,2.0,
17,30,20.0,6.0,2.0,
17,31,22.0,6.0,2.0,
17,32,24.0,6.0,2.0,
17,33,26.0,6.0,2.0,
17,34,28.0,6.0,2.0,
17,35,30.0,6.0,2.0,
17,36,32.0,6.0,2.0,
17,37,34.0,6.0,2.0,
17,38,36.0,6.0,2.0,
17,39,38.0,6.0,2.0,
18,0,-40.0,4.0,2.0,
18,1,-38.0,4.0,2.0,
18,2,-36.0,4.0,2.0,
18,3,-34.0,4.0,2.0,
18,4,-32.0,4.0,2.0,
18,5,-30.0,4.0,2.0,
18,6,-28.0,4.0,2.0,
18,7,-26.0,4.0,2.0,
18,8,-24.0,4.0,2.0,
18,9,-22.0,4.0,2.0,
18,10,-20.0,4.0,2.0,
18,11,-18.0,4.0,2.0,
18,12,-16.0,4.0,2.0,
18,13,-14.0,4.0,2.0,
18,14,-12.0,4.0,2.0,
18,15,-10.0,4.0,2.0,
18,16,-8.0,4.0,2.0,
18,17,-6.0,4.0,2.0,
18,18,-4.0,4.0,2.0,
18,19,-2.0,4.0,2.0,
18,20,0.0,4.0,2.0,
18,21,2.0,4.0,2.0,
18,22,4.0,4.0,2.0,
18,23,6.0,4.0,2.0,
18,24,8.0,4.0,2.0,
18,25,10.0,4.0,2.0,
18,26,12.0,4.0,2.0,
18,27,14.0,4.0,2.0,26
18,28,16.0,4.0,2.0,
18,29,18.0,4.0,2.0,
18,30,20.0,4.0,2.0,
18,31,22.0,4.0,2.0,
18,32,24.0,4.0,2.0,
18,33,26.0,4.0,2.0,
18,34,28.0,4.0,2.0,
18,35,30.0,4.0,2.0,
18,36,32.0,4.0,2.0,
18,37,34.0,4.0,2.0,
18,38,36.0,4.0,2.0,
18,39,38.0,4.0,2.0,
19,0,-40.0,2.0,2.0,
19,1,-38.0,2.0,2.0,
19,2,-36.0,2.0,2.0,
19,3,-34.0,2.0,2.0,
19,4,-32.0,2.0,2.0,
19,5,-30.0,2.0,2.0,
19,6,-28.0,2.0,2.0,
19,7,-26.0,2.0,2.0,
19,8,-24.0,2.0,2.0,
19,9,-22.0,2.0,2.0,
19,10,-20.0,2.0,2.0,
19,11,-18.0,2.0,2.0,
19,12,-16.0,2.0,2.0,
19,13,-14.0,2.0,2.0,
19,14,-12.0,2.0,2.0,
19,15,-10.0,2.0,2.0,
19,16,-8.0,2.0,2.0,
19,17,-6.0,2.0,2.0,
19,18,-4.0,2.0,2.0,
19,19,-2.0,2.0,2.0,
19,20,0.0,2.0,2.0,
19,21,2.0,2.0,2.0,
19,22,4.0,2.0,2.0,
19,23,6.0,2.0,2.0,
19,24,8.0,2.0,2.0,
19,25,10.0,2.0,2.0,
19,26,12.0,2.0,2.0,
19,27,14.0,2.0,2.0,27
19,28,16.0,2.0,2.0,
19,29,18.0,2.0,2.0,
19,30,20.0,2.0,2.0,
19,31,22.0,2.0,2.0,
19,32,24.0,2.0,2.0,
19,33,26.0,2.0,2.0,
19,34,28.0,2.0,2.0,
19,35,30.0,2.0,2.0,
19,36,32.0,2.0,2.0,
19,37,34.0,2.0,2.0,
19,38,36.0,2.0,2.0,
19,39,38.0,2.0,2.0,
20,0,-40.0,0.0,2.0,
20,1,-38.0,0.0,2.0,
20,2,-36.0,0.0,2.0,
20,3,-34.0,0.0,2.0,
20,4,-32.0,0.0,2.0,
20,5,-30.0,0.0,2.0,
20,6,-28.0,0.0,2.0,
20,7,-26.0,0.0,2.0,
20,8,-24.0,0.0,2.0,
20,9,-22.0,0.0,2.0,
20,10,-20.0,0.0,2.0,
20,11,-18.0,0.0,2.0,
20,12,-16.0,0.0,2.0,
20,13,-14.0,0.0,2.0,
20,14,-12.0,0.0,2.0,
20,15,-10.0,0.0,2.0,
20,16,-8.0,0.0,2.0,
20,17,-6.0,0.0,2.0,
20,18,-4.0,0.0,2.0,
20,19,-2.0,0.0,2.0,
20,20,0.0,0.0,2.0,
20,21,2.0,0.0,2.0,
20,22,4.0,0.0,2.0,
20,23,6.0,0.0,2.0,
20,24,8.0,0.0,2.0,
20,25,10.0,0.0,2.0,30
20,26,12.0,0.0,2.0,29
20,27,14.0,0.0,2.0,28
20,28,16.0,0.0,2.0,
20,29,18.0,0.0,2.0,
20,30,20.0,0.0,2.0,
20,31,22.0,0.0,2.0,
20,32,24.0,0.0,2.0,
20,33,26.0,0.0,2.0,
20,34,28.0,0.0,2.0,
20,35,30.0,0.0,2.0,
20,36,32.0,0.0,2.0,
20,37,34.0,0.0,2.0,
20,38,36.0,0.0,2.0,
20,39,38.0,0.0,2.0,
21,0,-40.0,-2.0,2.0,
21,1,-38.0,-2.0,2.0,
21,2,-36.0,-2.0,2.0,
21,3,-34.0,-2.0,2.0,
21,4,-32.0,-2.0,2.0,
21,5,-30.0,-2.0,2.0,
21,6,-28.0,-2.0,2.0,
21,7,-26.0,-2.0,2.0,
21,8,-24.0,-2.0,2.0,
21,9,-22.0,-2.0,2.0,
21,10,-20.0,-2.0,2.0,
21,11,-18.0,-2.0,2.0,
21,12,-16.0,-2.0,2.0,
21,13,-14.0,-2.0,2.0,
21,14,-12.0,-2.0,2.0,
21,15,-10.0,-2.0,2.0,
21,16,-8.0,-2.0,2.0,
21,17,-6.0,-2.0,2.0,
21,18,-4.0,-2.0,2.0,
21,19,-2.0,-2.0,2.0,
21,20,0.0,-2.0,2.0,36
21,21,2.0,-2.0,2.0,35
21,22,4.0,-2.0,2.0,34
21,23,6.0,-2.0,2.0,33
21,24,8.0,-2.0,2.0,32
21,25,10.0,-2.0,2.0,31
21,26,12.0,-2.0,2.0,
21,27,14.0,-2.0,2.0,
21,28,16.0,-2.0,2.0,
21,29,18.0,-2.0,2.0,
21,30,20.0,-2.0,2.0,
21,31,22.0,-2.0,2.0,
21,32,24.0,-2.0,2.0,
21,33,26.0,-2.0,2.0,
21,34,28.0,-2.0,2.0,
21,35,30.0,-2.0,2.0,
21,36,32.0,-2.0,2.0,
21,37,34.0,-2.0,2.0,
21,38,36.0,-2.0,2.0,
21,39,38.0,-2.0,2.0,
22,0,-40.0,-4.0,2.0,
22,1,-38.0,-4.0,2.0,
22,2,-36.0,-4.0,2.0,
22,3,-34.0,-4.0,2.0,
22,4,-32.0,-4.0,2.0,
22,5,-30.0,-4.0,2.0,
22,6,-28.0,-4.0,2.0,
22,7,-26.0,-4.0,2.0,
22,8,-24.0,-4.0,2.0,
22,9,-22.0,-4.0,2.0,
22,10,-20.0,-4.0,2.0,
22,11,-18.0,-4.0,2.0,
22,12,-16.0,-4.0,2.0,
22,13,-14.0,-4.0,2.0,
22,14,-12.0,-4.0,2.0,
22,15,-10.0,-4.0,2.0,
22,16,-8.0,-4.0,2.0,
22,17,-6.0,-4.0,2.0,
22,18,-4.0,-4.0,2.0,
22,19,-2.0,-4.0,2.0,38
22,20,0.0,-4.0,2.0,37
22,21,2.0,-4.0,2.0,
22,22,4.0,-4.0,2.0,
22,23,6.0,-4.0,2.0,
22,24,8.0,-4.0,2.0,
22,25,10.0,-4.0,2.0,
22,26,12.0,-4.0,2.0,
22,27,14.0,-4.0,2.0,
22,28,16.0,-4.0,2.0,
22,29,18.0,-4.0,2.0,
22,30,20.0,-4.0,2.0,
22,31,22.0,-4.0,2.0,
22,32,24.0,-4.0,2.0,
22,33,26.0,-4.0,2.0,
22,34,28.0,-4.0,2.0,
22,35,30.0,-4.0,2.0,
22,36,32.0,-4.0,2.0,
22,37,34.0,-4.0,2.0,
22,38,36.0,-4.0,2.0,
22,39,38.0,-4.0,2.0,
23,0,-40.0,-6.0,2.0,
23,1,-38.0,-6.0,2.0,
23,2,-36.0,-6.0,2.0,
23,3,-34.0,-6.0,2.0,
23,4,-32.0,-6.0,2.0,
23,5,-30.0,-6.0,2.0,
23,6,-28.0,-6.0,2.0,
23,7,-26.0,-6.0,2.0,
23,8,-24.0,-6.0,2.0,
23,9,-22.0,-6.0,2.0,
23,10,-20.0,-6.0,2.0,
23,11,-18.0,-6.0,2.0,
23,12,-16.0,-6.0,2.0,
23,13,-14.0,-6.0,2.0,
23,14,-12.0,-6.0,2.0,
23,15,-10.0,-6.0,2.0,
23,16,-8.0,-6.0,2.0,42
23,17,-6.0,-6.0,2.0,41
23,18,-4.0,-6.0,2.0,40
23,19,-2.0,-6.0,2.0,39
23,20,0.0,-6.0,2.0,
23,21,2.0,-6.0,2.0,
23,22,4.0,-6.0,2.0,
23,23,6.0,-6.0,2.0,
23,24,8.0,-6.0,2.0,
23,25,10.0,-6.0,2.0,
23,26,12.0,-6.0,2.0,
23,27,14.0,-6.0,2.0,
23,28,16.0,-6.0,2.0,
23,29,18.0,-6.0,2.0,
23,30,20.0,-6.0,2.0,
23,31,22.0,-6.0,2.0,
23,32,24.0,-6.0,2.0,
23,33,26.0,-6.0,2.0,
23,34,28.0,-6.0,2.0,
23,35,30.0,-6.0,2.0,
23,36,32.0,-6.0,2.0,
23,37,34.0,-6.0,2.0,
23,38,36.0,-6.0,2.0,
23,39,38.0,-6.0,2.0,
24,0,-40.0,-8.0,2.0,
24,1,-38.0,-8.0,2.0,
24,2,-36.0,-8.0,2.0,
24,3,-34.0,-8.0,2.0,
24,4,-32.0,-8.0,2.0,
24,5,-30.0,-8.0,2.0,
24,6,-28.0,-8.0,2.0,
24,7,-26.0,-8.0,2.0,
24,8,-24.0,-8.0,2.0,
24,9,-22.0,-8.0,2.0,
24,10,-20.0,-8.0,2.0,
24,11,-18.0,-8.0,2.0,48
24,12,-16.0,-8.0,2.0,47
24,13,-14.0,-8.0,2.0,46
24,14,-12.0,-8.0,2.0,45
24,15,-10.0,-8.0,2.0,44
24,16,-8.0,-8.0,2.0,43
24,17,-6.0,-8.0,2.0,
24,18,-4.0,-8.0,2.0,
24,19,-2.0,-8.0,2.0,
24,20,0.0,-8.0,2.0,
24,21,2.0,-8.0,2.0,
24,22,4.0,-8.0,2.0,
24,23,6.0,-8.0,2.0,
24,24,8.0,-8.0,2.0,
24,25,10.0,-8.0,2.0,
24,26,12.0,-8.0,2.0,
24,27,14.0,-8.0,2.0,
24,28,16.0,-8.0,2.0,
24,29,18.0,-8.0,2.0,
24,30,20.0,-8.0,2.0,
24,31,22.0,-8.0,2.0,
24,32,24.0,-8.0,2.0,
24,33,26.0,-8.0,2.0,
24,34,28.0,-8.0,2.0,
24,35,30.0,-8.0,2.0,
24,36,32.0,-8.0,2.0,
24,37,34.0,-8.0,2.0,
24,38,36.0,-8.0,2.0,
24,39,38.0,-8.0,2.0,
25,0,-40.0,-10.0,2.0,
25,1,-38.0,-10.0,2.0,
25,2,-36.0,-10.0,2.0,
25,3,-34.0,-10.0,2.0,
25,4,-32.0,-10.0,2.0,
25,5,-30.0,-10.0,2.0,
25,6,-28.0,-10.0,2.0,
25,7,-26.0,-10.0,2.0,
25,8,-24.0,-10.0,2.0,
25,9,-22.0,-10.0,2.0,
25,10,-20.0,-10.0,2.0,
25,11,-18.0,-10.0,2.0,49
25,12,-16.0,-10.0,2.0,
25,13,-14.0,-10.0,2.0,
25,14,-12.0,-10.0,2.0,
25,15,-10.0,-10.0,2.0,
25,16,-8.0,-10.0,2.0,
25,17,-6.0,-10.0,2.0,
25,18,-4.0,-10.0,2.0,
25,19,-2.0,-10.0,2.0,
25,20,0.0,-10.0,2.0,
25,21,2.0,-10.0,2.0,
25,22,4.0,-10.0,2.0,
25,23,6.0,-10.0,2.0,
25,24,8.0,-10.0,2.0,
25,25,10.0,-10.0,2.0,
25,26,12.0,-10.0,2.0,
25,27,14.0,-10.0,2.0,
25,28,16.0,-10.0,2.0,
25,29,18.0,-10.0,2.0,
25,30,20.0,-10.0,2.0,
25,31,22.0,-10.0,2.0,
25,32,24.0,-10.0,2.0,
25,33,26.0,-10.0,2.0,
25,34,28.0,-10.0,2.0,
25,35,30.0,-10.0,2.0,
25,36,32.0,-10.0,2.0,
25,37,34.0,-10.0,2.0,
25,38,36.0,-10.0,2.0,
25,39,38.0,-10.0,2.0,
26,0,-40.0,-12.0,2.0,
26,1,-38.0,-12.0,2.0,
26,2,-36.0,-12.0,2.0,
26,3,-34.0,-12.0,2.0,
26,4,-32.0,-12.0,2.0,
26,5,-30.0,-12.0,2.0,
26,6,-28.0,-12.0,2.0,
26,7,-26.0,-12.0,2.0,
26,8,-24.0,-12.0,2.0,
26,9,-22.0,-12.0,2.0,
26,10,-20.0,-12.0,2.0,
26,11,-18.0,-12.0,2.0,50
26,12,-16.0,-12.0,2.0,
26,13,-14.0,-12.0,2.0,
26,14,-12.0,-12.0,2.0,
26,15,-10.0,-12.0,2.0,
26,16,-8.0,-12.0,2.0,
26,17,-6.0,-12.0,2.0,
26,18,-4.0,-12.0,2.0,
26,19,-2.0,-12.0,2.0,
26,20,0.0,-12.0,2.0,
26,21,2.0,-12.0,2.0,
26,22,4.0,-12.0,2.0,
26,23,6.0,-12.0,2.0,
26,24,8.0,-12.0,2.0,
26,25,10.0,-12.0,2.0,
26,26,12.0,-12.0,2.0,
26,27,14.0,-12.0,2.0,
26,28,16.0,-12.0,2.0,
26,29,18.0,-12.0,2.0,
26,30,20.0,-12.0,2.0,
26,31,22.0,-12.0,2.0,
26,32,24.0,-12.0,2.0,
26,33,26.0,-12.0,2.0,
26,34,28.0,-12.0,2.0,
26,35,30.0,-12.0,2.0,
26,36,32.0,-12.0,2.0,
26,37,34.0,-12.0,2.0,
26,38,36.0,-12.0,2.0,
26,39,38.0,-12.0,2.0,
27,0,-40.0,-14.0,2.0,
27,1,-38.0,-14.0,2.0,
27,2,-36.0,-14.0,2.0,
27,3,-34.0,-14.0,2.0,
27,4,-32.0,-14.0,2.0,
27,5,-30.0,-14.0,2.0,
27,6,-28.0,-14.0,2.0,
27,7,-26.0,-14.0,2.0,
27,8,-24.0,-14.0,2.0,
27,9,-22.0,-14.0,2.0,
27,10,-20.0,-14.0,2.0,52
27,11,-18.0,-14.0,2.0,51
27,12,-16.0,-14.0,2.0,
27,13,-14.0,-14.0,2.0,
27,14,-12.0,-14.0,2.0,
27,15,-10.0,-14.0,2.0,
27,16,-8.0,-14.0,2.0,
27,17,-6.0,-14.0,2.0,
27,18,-4.0,-14.0,2.0,
27,19,-2.0,-14.0,2.0,
27,20,0.0,-14.0,2.0,
27,21,2.0,-14.0,2.0,
27,22,4.0,-14.0,2.0,
27,23,6.0,-14.0,2.0,
27,24,8.0,-14.0,2.0,
27,25,10.0,-14.0,2.0,
27,26,12.0,-14.0,2.0,
27,27,14.0,-14.0,2.0,
27,28,16.0,-14.0,2.0,
27,29,18.0,-14.0,2.0,
27,30,20.0,-14.0,2.0,
27,31,22.0,-14.0,2.0,
27,32,24.0,-14.0,2.0,
27,33,26.0,-14.0,2.0,
27,34,28.0,-14.0,2.0,
27,35,30.0,-14.0,2.0,
27,36,32.0,-14.0,2.0,
27,37,34.0,-14.0,2.0,
27,38,36.0,-14.0,2.0,
27,39,38.0,-14.0,2.0,
28,0,-40.0,-16.0,2.0,
28,1,-38.0,-16.0,2.0,
28,2,-36.0,-16.0,2.0,
28,3,-34.0,-16.0,2.0,
28,4,-32.0,-16.0,2.0,
28,5,-30.0,-16.0,2.0,
28,6,-28.0,-16.0,2.0,
28,7,-26.0,-16.0,2.0,
28,8,-24.0,-16.0,2.0,
28,9,-22.0,-16.0,2.0,
28,10,-20.0,-16.0,2.0,53
28,11,-18.0,-16.0,2.0,
28,12,-16.0,-16.0,2.0,
28,13,-14.0,-16.0,2.0,
28,14,-12.0,-16.0,2.0,
28,15,-10.0,-16.0,2.0,
28,16,-8.0,-16.0,2.0,
28,17,-6.0,-16.0,2.0,
28,18,-4.0,-16.0,2.0,
28,19,-2.0,-16.0,2.0,
28,20,0.0,-16.0,2.0,
28,21,2.0,-16.0,2.0,
28,22,4.0,-16.0,2.0,
28,23,6.0,-16.0,2.0,
28,24,8.0,-16.0,2.0,
28,25,10.0,-16.0,2.0,
28,26,12.0,-16.0,2.0,
28,27,14.0,-16.0,2.0,
28,28,16.0,-16.0,2.0,
28,29,18.0,-16.0,2.0,
28,30,20.0,-16.0,2.0,
28,31,22.0,-16.0,2.0,
28,32,24.0,-16.0,2.0,
28,33,26.0,-16.0,2.0,
28,34,28.0,-16.0,2.0,
28,35,30.0,-16.0,2.0,
28,36,32.0,-16.0,2.0,
28,37,34.0,-16.0,2.0,
28,38,36.0,-16.0,2.0,
28,39,38.0,-16.0,2.0,
29,0,-40.0,-18.0,2.0,
29,1,-38.0,-18.0,2.0,
29,2,-36.0,-18.0,2.0,
29,3,-34.0,-18.0,2.0,
29,4,-32.0,-18.0,2.0,
29,5,-30.0,-18.0,2.0,
29,6,-28.0,-18.0,2.0,
29,7,-26.0,-18.0,2.0,
29,8,-24.0,-18.0,2.0,
29,9,-22.0,-18.0,2.0,
29,10,-20.0,-18.0,2.0,54
29,11,-18.0,-18.0,2.0,
29,12,-16.0,-18.0,2.0,
29,13,-14.0,-18.0,2.0,
29,14,-12.0,-18.0,2.0,
29,15,-10.0,-18.0,2.0,
29,16,-8.0,-18.0,2.0,
29,17,-6.0,-18.0,2.0,
29,18,-4.0,-18.0,2.0,
29,19,-2.0,-18.0,2.0,
29,20,0.0,-18.0,2.0,
29,21,2.0,-18.0,2.0,
29,22,4.0,-18.0,2.0,
29,23,6.0,-18.0,2.0,
29,24,8.0,-18.0,2.0,
29,25,10.0,-18.0,2.0,
29,26,12.0,-18.0,2.0,
29,27,14.0,-18.0,2.0,
29,28,16.0,-18.0,2.0,
29,29,18.0,-18.0,2.0,
29,30,20.0,-18.0,2.0,
29,31,22.0,-18.0,2.0,
29,32,24.0,-18.0,2.0,
29,33,26.0,-18.0,2.0,
29,34,28.0,-18.0,2.0,
29,35,30.0,-18.0,2.0,
29,36,32.0,-18.0,2.0,
29,37,34.0,-18.0,2.0,
29,38,36.0,-18.0,2.0,
29,39,38.0,-18.0,2.0,
30,0,-40.0,-20.0,2.0,
30,1,-38.0,-20.0,2.0,
30,2,-36.0,-20.0,2.0,
30,3,-34.0,-20.0,2.0,
30,4,-32.0,-20.0,2.0,
30,5,-30.0,-20.0,2.0,
30,6,-28.0,-20.0,2.0,
30,7,-26.0,-20.0,2.0,
30,8,-24.0,-20.0,2.0,
30,9,-22.0,-20.0,2.0,
30,10,-20.0,-20.0,2.0,55
30,11,-18.0,-20.0,2.0,
30,12,-16.0,-20.0,2.0,
30,13,-14.0,-20.0,2.0,
30,14,-12.0,-20.0,2.0,
30,15,-10.0,-20.0,2.0,
30,16,-8.0,-20.0,2.0,
30,17,-6.0,-20.0,2.0,
30,18,-4.0,-20.0,2.0,
30,19,-2.0,-20.0,2.0,
30,20,0.0,-20.0,2.0,
30,21,2.0,-20.0,2.0,
30,22,4.0,-20.0,2.0,
30,23,6.0,-20.0,2.0,
30,24,8.0,-20.0,2.0,
30,25,10.0,-20.0,2.0,
30,26,12.0,-20.0,2.0,
30,27,14.0,-20.0,2.0,
30,28,16.0,-20.0,2.0,
30,29,18.0,-20.0,2.0,
30,30,20.0,-20.0,2.0,
30,31,22.0,-20.0,2.0,
30,32,24.0,-20.0,2.0,
30,33,26.0,-20.0,2.0,
30,34,28.0,-20.0,2.0,
30,35,30.0,-20.0,2.0,
30,36,32.0,-20.0,2.0,
30,37,34.0,-20.0,2.0,
30,38,36.0,-20.0,2.0,
30,39,38.0,-20.0,2.0,
31,0,-40.0,-22.0,2.0,
31,1,-38.0,-22.0,2.0,
31,2,-36.0,-22.0,2.0,
31,3,-34.0,-22.0,2.0,
31,4,-32.0,-22.0,2.0,
31,5,-30.0,-22.0,2.0,
31,6,-28.0,-22.0,2.0,
31,7,-26.0,-22.0,2.0,
31,8,-24.0,-22.0,2.0,
31,9,-22.0,-22.0,2.0,
31,10,-20.0,-22.0,2.0,
31,11,-18.0,-22.0,2.0,
31,12,-16.0,-22.0,2.0,
31,13,-14.0,-22.0,2.0,
31,14,-12.0,-22.0,2.0,
31,15,-10.0,-22.0,2.0,
31,16,-8.0,-22.0,2.0,
31,17,-6.0,-22.0,2.0,
31,18,-4.0,-22.0,2.0,
31,19,-2.0,-22.0,2.0,
31,20,0.0,-22.0,2.0,
31,21,2.0,-22.0,2.0,
31,22,4.0,-22.0,2.0,
31,23,6.0,-22.0,2.0,
31,24,8.0,-22.0,2.0,
31,25,10.0,-22.0,2.0,
31,26,12.0,-22.0,2.0,
31,27,14.0,-22.0,2.0,
31,28,16.0,-22.0,2.0,
31,29,18.0,-22.0,2.0,
31,30,20.0,-22.0,2.0,
31,31,22.0,-22.0,2.0,
31,32,24.0,-22.0,2.0,
31,33,26.0,-22.0,2.0,
31,34,28.0,-22.0,2.0,
31,35,30.0,-22.0,2.0,
31,36,32.0,-22.0,2.0,
31,37,34.0,-22.0,2.0,
31,38,36.0,-22.0,2.0,
31,39,38.0,-22.0,2.0,
32,0,-40.0,-24.0,2.0,
32,1,-38.0,-24.0,2.0,
32,2,-36.0,-24.0,2.0,
32,3,-34.0,-24.0,2.0,
32,4,-32.0,-24.0,2.0,
32,5,-30.0,-24.0,2.0,
32,6,-28.0,-24.0,2.0,
32,7,-26.0,-24.0,2.0,
32,8,-24.0,-24.0,2.0,
32,9,-22.0,-24.0,2.0,
32,10,-20.0,-24.0,2.0,
32,11,-18.0,-24.0,2.0,
32,12,-16.0,-24.0,2.0,
32,13,-14.0,-24.0,2.0,
32,14,-12.0,-24.0,2.0,
32,15,-10.0,-24.0,2.0,
32,16,-8.0,-24.0,2.0,
32,17,-6.0,-24.0,2.0,
32,18,-4.0,-24.0,2.0,
32,19,-2.0,-24.0,2.0,
32,20,0.0,-24.0,2.0,
32,21,2.0,-24.0,2.0,
32,22,4.0,-24.0,2.0,
32,23,6.0,-24.0,2.0,
32,24,8.0,-24.0,2.0,
32,25,10.0,-24.0,2.0,
32,26,12.0,-24.0,2.0,
32,27,14.0,-24.0,2.0,
32,28,16.0,-24.0,2.0,
32,29,18.0,-24.0,2.0,
32,30,20.0,-24.0,2.0,
32,31,22.0,-24.0,2.0,
32,32,24.0,-24.0,2.0,
32,33,26.0,-24.0,2.0,
32,34,28.0,-24.0,2.0,
32,35,30.0,-24.0,2.0,
32,36,32.0,-24.0,2.0,
32,37,34.0,-24.0,2.0,
32,38,36.0,-24.0,2.0,
32,39,38.0,-24.0,2.0,
33,0,-40.0,-26.0,2.0,
33,1,-38.0,-26.0,2.0,
33,2,-36.0,-26.0,2.0,
33,3,-34.0,-26.0,2.0,
33,4,-32.0,-26.0,2.0,
33,5,-30.0,-26.0,2.0,
33,6,-28.0,-26.0,2.0,
33,7,-26.0,-26.0,2.0,
33,8,-24.0,-26.0,2.0,
33,9,-22.0,-26.0,2.0,
33,10,-20.0,-26.0,2.0,
33,11,-18.0,-26.0,2.0,
33,12,-16.0,-26.0,2.0,
33,13,-14.0,-26.0,2.0,
33,14,-12.0,-26.0,2.0,
33,15,-10.0,-26.0,2.0,
33,16,-8.0,-26.0,2.0,
33,17,-6.0,-26.0,2.0,
33,18,-4.0,-26.0,2.0,
33,19,-2.0,-26.0,2.0,
33,20,0.0,-26.0,2.0,
33,21,2.0,-26.0,2.0,
33,22,4.0,-26.0,2.0,
33,23,6.0,-26.0,2.0,
33,24,8.0,-26.0,2.0,
33,25,10.0,-26.0,2.0,
33,26,12.0,-26.0,2.0,
33,27,14.0,-26.0,2.0,
33,28,16.0,-26.0,2.0,
33,29,18.0,-26.0,2.0,
33,30,20.0,-26.0,2.0,
33,31,22.0,-26.0,2.0,
33,32,24.0,-26.0,2.0,
33,33,26.0,-26.0,2.0,
33,34,28.0,-26.0,2.0,
33,35,30.0,-26.0,2.0,
33,36,32.0,-26.0,2.0,
33,37,34.0,-26.0,2.0,
33,38,36.0,-26.0,2.0,
33,39,38.0,-26.0,2.0,
34,0,-40.0,-28.0,2.0,
34,1,-38.0,-28.0,2.0,
34,2,-36.0,-28.0,2.0,
34,3,-34.0,-28.0,2.0,
34,4,-32.0,-28.0,2.0,
34,5,-30.0,-28.0,2.0,
34,6,-28.0,-28.0,2.0,
34,7,-26.0,-28.0,2.0,
34,8,-24.0,-28.0,2.0,
34,9,-22.0,-28.0,2.0,
34,10,-20.0,-28.0,2.0,
34,11,-18.0,-28.0,2.0,
34,12,-16.0,-28.0,2.0,
34,13,-14.0,-28.0,2.0,
34,14,-12.0,-28.0,2.0,
34,15,-10.0,-28.0,2.0,
34,16,-8.0,-28.0,2.0,
34,17,-6.0,-28.0,2.0,
34,18,-4.0,-28.0,2.0,
34,19,-2.0,-28.0,2.0,
34,20,0.0,-28.0,2.0,
34,21,2.0,-28.0,2.0,
34,22,4.0,-28.0,2.0,
34,23,6.0,-28.0,2.0,
34,24,8.0,-28.0,2.0,
34,25,10.0,-28.0,2.0,
34,26,12.0,-28.0,2.0,
34,27,14.0,-28.0,2.0,
34,28,16.0,-28.0,2.0,
34,29,18.0,-28.0,2.0,
34,30,20.0,-28.0,2.0,
34,31,22.0,-28.0,2.0,
34,32,24.0,-28.0,2.0,
34,33,26.0,-28.0,2.0,
34,34,28.0,-28.0,2.0,
34,35,30.0,-28.0,2.0,
34,36,32.0,-28.0,2.0,
34,37,34.0,-28.0,2.0,
34,38,36.0,-28.0,2.0,
34,39,38.0,-28.0,2.0,
35,0,-40.0,-30.0,2.0,
35,1,-38.0,-30.0,2.0,
35,2,-36.0,-30.0,2.0,
35,3,-34.0,-30.0,2.0,
35,4,-32.0,-30.0,2.0,
35,5,-30.0,-30.0,2.0,
35,6,-28.0,-30.0,2.0,
35,7,-26.0,-30.0,2.0,
35,8,-24.0,-30.0,2.0,
35,9,-22.0,-30.0,2.0,
35,10,-20.0,-30.0,2.0,
35,11,-18.0,-30.0,2.0,
35,12,-16.0,-30.0,2.0,
35,13,-14.0,-30.0,2.0,
35,14,-12.0,-30.0,2.0,
35,15,-10.0,-30.0,2.0,
35,16,-8.0,-30.0,2.0,
35,17,-6.0,-30.0,2.0,
35,18,-4.0,-30.0,2.0,
35,19,-2.0,-30.0,2.0,
35,20,0.0,-30.0,2.0,
35,21,2.0,-30.0,2.0,
35,22,4.0,-30.0,2.0,
35,23,6.0,-30.0,2.0,
35,24,8.0,-30.0,2.0,
35,25,10.0,-30.0,2.0,
35,26,12.0,-30.0,2.0,
35,27,14.0,-30.0,2.0,
35,28,16.0,-30.0,2.0,
35,29,18.0,-30.0,2.0,
35,30,20.0,-30.0,2.0,
35,31,22.0,-30.0,2.0,
35,32,24.0,-30.0,2.0,
35,33,26.0,-30.0,2.0,
35,34,28.0,-30.0,2.0,
35,35,30.0,-30.0,2.0,
35,36,32.0,-30.0,2.0,
35,37,34.0,-30.0,2.0,
35,38,36.0,-30.0,2.0,
35,39,38.0,-30.0,2.0,
36,0,-40.0,-32.0,2.0,
36,1,-38.0,-32.0,2.0,
36,2,-36.0,-32.0,2.0,
36,3,-34.0,-32.0,2.0,
36,4,-32.0,-32.0,2.0,
36,5,-30.0,-32.0,2.0,
36,6,-28.0,-32.0,2.0,
36,7,-26.0,-32.0,2.0,
36,8,-24.0,-32.0,2.0,
36,9,-22.0,-32.0,2.0,
36,10,-20.0,-32.0,2.0,
36,11,-18.0,-32.0,2.0,
36,12,-16.0,-32.0,2.0,
36,13,-14.0,-32.0,2.0,
36,14,-12.0,-32.0,2.0,
36,15,-10.0,-32.0,2.0,
36,16,-8.0,-32.0,2.0,
36,17,-6.0,-32.0,2.0,
36,18,-4.0,-32.0,2.0,
36,19,-2.0,-32.0,2.0,
36,20,0.0,-32.0,2.0,
36,21,2.0,-32.0,2.0,
36,22,4.0,-32.0,2.0,
36,23,6.0,-32.0,2.0,
36,24,8.0,-32.0,2.0,
36,25,10.0,-32.0,2.0,
36,26,12.0,-32.0,2.0,
36,27,14.0,-32.0,2.0,
36,28,16.0,-32.0,2.0,
36,29,18.0,-32.0,2.0,
36,30,20.0,-32.0,2.0,
36,31,22.0,-32.0,2.0,
36,32,24.0,-32.0,2.0,
36,33,26.0,-32.0,2.0,
36,34,28.0,-32.0,2.0,
36,35,30.0,-32.0,2.0,
36,36,32.0,-32.0,2.0,
36,37,34.0,-32.0,2.0,
36,38,36.0,-32.0,2.0,
36,39,38.0,-32.0,2.0,
37,0,-40.0,-34.0,2.0,
37,1,-38.0,-34.0,2.0,
37,2,-36.0,-34.0,2.0,
37,3,-34.0,-34.0,2.0,
37,4,-32.0,-34.0,2.0,
37,5,-30.0,-34.0,2.0,
37,6,-28.0,-34.0,2.0,
37,7,-26.0,-34.0,2.0,
37,8,-24.0,-34.0,2.0,
37,9,-22.0,-34.0,2.0,
37,10,-20.0,-34.0,2.0,
37,11,-18.0,-34.0,2.0,
37,12,-16.0,-34.0,2.0,
37,13,-14.0,-34.0,2.0,
37,14,-12.0,-34.0,2.0,
37,15,-10.0,-34.0,2.0,
37,16,-8.0,-34.0,2.0,
37,17,-6.0,-34.0,2.0,
37,18,-4.0,-34.0,2.0,
37,19,-2.0,-34.0,2.0,
37,20,0.0,-34.0,2.0,
37,21,2.0,-34.0,2.0,
37,22,4.0,-34.0,2.0,
37,23,6.0,-34.0,2.0,
37,24,8.0,-34.0,2.0,
37,25,10.0,-34.0,2.0,
37,26,12.0,-34.0,2.0,
37,27,14.0,-34.0,2.0,
37,28,16.0,-34.0,2.0,
37,29,18.0,-34.0,2.0,
37,30,20.0,-34.0,2.0,
37,31,22.0,-34.0,2.0,
37,32,24.0,-34.0,2.0,
37,33,26.0,-34.0,2.0,
37,34,28.0,-34.0,2.0,
37,35,30.0,-34.0,2.0,
37,36,32.0,-34.0,2.0,
37,37,34.0,-34.0,2.0,
37,38,36.0,-34.0,2.0,
37,39,38.0,-34.0,2.0,
38,0,-40.0,-36.0,2.0,
38,1,-38.0,-36.0,2.0,
38,2,-36.0,-36.0,2.0,
38,3,-34.0,-36.0,2.0,
38,4,-32.0,-36.0,2.0,
38,5,-30.0,-36.0,2.0,
38,6,-28.0,-36.0,2.0,
38,7,-26.0,-36.0,2.0,
38,8,-24.0,-36.0,2.0,
38,9,-22.0,-36.0,2.0,
38,10,-20.0,-36.0,2.0,
38,11,-18.0,-36.0,2.0,
38,12,-16.0,-36.0,2.0,
38,13,-14.0,-36.0,2.0,
38,14,-12.0,-36.0,2.0,
38,15,-10.0,-36.0,2.0,
38,16,-8.0,-36.0,2.0,
38,17,-6.0,-36.0,2.0,
38,18,-4.0,-36.0,2.0,
38,19,-2.0,-36.0,2.0,
38,20,0.0,-36.0,2.0,
38,21,2.0,-36.0,2.0,
38,22,4.0,-36.0,2.0,
38,23,6.0,-36.0,2.0,
38,24,8.0,-36.0,2.0,
38,25,10.0,-36.0,2.0,
38,26,12.0,-36.0,2.0,
38,27,14.0,-36.0,2.0,
38,28,16.0,-36.0,2.0,
38,29,18.0,-36.0,2.0,
38,30,20.0,-36.0,2.0,
38,31,22.0,-36.0,2.0,
38,32,24.0,-36.0,2.0,
38,33,26.0,-36.0,2.0,
38,34,28.0,-36.0,2.0,
38,35,30.0,-36.0,2.0,
38,36,32.0,-36.0,2.0,
38,37,34.0,-36.0,2.0,
38,38,36.0,-36.0,2.0,
38,39,38.0,-36.0,2.0,
39,0,-40.0,-38.0,2.0,
39,1,-38.0,-38.0,2.0,
39,2,-36.0,-38.0,2.0,
39,3,-34.0,-38.0,2.0,
39,4,-32.0,-38.0,2.0,
39,5,-30.0,-38.0,2.0,
39,6,-28.0,-38.0,2.0,
39,7,-26.0,-38.0,2.0,
39,8,-24.0,-38.0,2.0,
39,9,-22.0,-38.0,2.0,
39,10,-20.0,-38.0,2.0,
39,11,-18.0,-38.0,2.0,
39,12,-16.0,-38.0,2.0,
39,13,-14.0,-38.0,2.0,
39,14,-12.0,-38.0,2.0,
39,15,-10.0,-38.0,2.0,
39,16,-8.0,-38.0,2.0,
39,17,-6.0,-38.0,2.0,
39,18,-4.0,-38.0,2.0,
39,19,-2.0,-38.0,2.0,
39,20,0.0,-38.0,2.0,
39,21,2.0,-38.0,2.0,
39,22,4.0,-38.0,2.0,
39,23,6.0,-38.0,2.0,
39,24,8.0,-38.0,2.0,
39,25,10.0,-38.0,2.0,
39,26,12.0,-38.0,2.0,
39,27,14.0,-38.0,2.0,
39,28,16.0,-38.0,2.0,
39,29,18.0,-38.0,2.0,
39,30,20.0,-38.0,2.0,
39,31,22.0,-38.0,2.0,
39,32,24.0,-38.0,2.0,
39,33,26.0,-38.0,2.0,
39,34,28.0,-38.0,2.0,
39,35,30.0,-38.0,2.0,
39,36,32.0,-38.0,2.0,
39,37,34.0,-38.0,2.0,
39,38,36.0,-38.0,2.0,
39,39,38.0,-38.0,2.0,
